<?xml version="1.0" encoding="utf-8" standalone="no"?>
<widget xmlns="http://www.w3.org/ns/widgets" 
        xmlns:cdv="http://cordova.apache.org/ns/1.0" 
        xmlns:gap   = "http://phonegap.com/ns/1.0"
         xmlns:android="http://schemas.android.com/apk/res/android"
        id="com.shivam.shivamdashboard" 
	 versionCode = "180021" 
        version="4.1">
    <name>ShivamDashboard</name>
    <description>
        Shivam Medisoft Dashboard Using Shivam FrameWork.
    </description>
    <author email="saagarbethi@gmail.com" href="http://shivammedisoft.com">
        Shivam SWD Team
    </author>
    <content src="index.html"/>
    <preference name="permissions" value="none" />
    <preference name="orientation" value="default" />
    <preference name="target-device" value="universal" />
    <preference name="webviewbounce" value="true" />
    <preference name="prerendered-icon" value="true" />
    <preference name="stay-in-webview" value="false" />
    <preference name="ios-statusbarstyle" value="black-opaque" />
     <preference name="StatusBarBackgroundColor" value="#31708F" />
    <preference name="detect-data-types" value="true" />
    <preference name="exit-on-suspend" value="false" />
    <preference name="show-splash-screen-spinner" value="false" />
    <preference name="auto-hide-splash-screen" value="true" />
    <preference name="StatusBarOverlaysWebView" value="false" /> 
    <preference name="disable-cursor" value="false" />
    <preference name="android-targetSdkVersion" value="28"/> 
    <preference name="android-minSdkVersion" value="15" />
    <preference name="android-installLocation" value="auto" />
    <preference name="LoadingDialog" value="Please wait, the app is loading"/>
    <preference name="AllowInlineMediaPlayback" value="true"/>
    <preference name="SplashScreenDelay" value="0000"/>
    <preference name="KeepRunning" value="true"/>
     <preference name="SplashMaintainAspectRatio" value="true" />
    <!-- Plugins -->
    <!-- Core plugins -->
     <gap:plugin name="cordova-plugin-camera" source="npm" spec="2.3.1" >
        <variable name="CAMERA_USAGE_DESCRIPTION" value="App would like to access the camera." />
        <variable name="MICROPHONE_USAGE_DESCRIPTION" value="App would like to access the microphone." />
        <variable name="PHOTOLIBRARY_USAGE_DESCRIPTION" value="App would like to access the library." />
    </gap:plugin>
    <gap:plugin name="cordova-plugin-datepicker" source="npm" />
    <gap:plugin name="cordova-plugin-dialogs" source="npm"/>
    <plugin name="cordova-plugin-media-capture" source="npm" spec="1.0.0">
        <variable name="CAMERA_USAGE_DESCRIPTION" value="App would like to access the camera." />
        <variable name="MICROPHONE_USAGE_DESCRIPTION" value="App would like to access the microphone." />
        <variable name="PHOTOLIBRARY_USAGE_DESCRIPTION" value="App would like to access the library." />
    </plugin>   
        <feature name="http://api.phonegap.com/1.0/file" />

    <feature name="http://api.phonegap.com/1.0/network" />

    <feature name="http://api.phonegap.com/1.0/notification" />
    <config-file platform="android" parent="/manifest" mode="merge">
<application android:usesCleartextTraffic="true" />
</config-file>
    <platform name="ios">
    <edit-config target="NSCameraUsageDescription" file="*-Info.plist" mode="merge">
        <string>to take pictures/scan barcodes</string>
    </edit-config>
    <edit-config target="NSPhotoLibraryUsageDescription" file="*-Info.plist" mode="merge">
        <string>to get pictures</string>
    </edit-config>
    <edit-config target="NSLocationWhenInUseUsageDescription" file="*-Info.plist" mode="merge">
        <string>need location access to find things nearby</string>
    </edit-config>
</platform>
    <plugin spec="https://github.com/apache/cordova-plugin-device.git" source="git" />
    <plugin spec="https://github.com/apache/cordova-plugin-device-motion.git" source="git" />
    <plugin spec="https://github.com/apache/cordova-plugin-device-orientation.git" source="git" />
    <plugin spec="https://github.com/apache/cordova-plugin-dialogs.git" source="git" />
    <plugin spec="https://github.com/apache/cordova-plugin-splashscreen.git" source="git" />
    <plugin spec="https://github.com/apache/cordova-plugin-network-information.git" source="git" />
    <plugin spec="https://github.com/salbahra/NetworkInterfacePlugin.git" source="git" />
    <plugin spec="https://github.com/rafelbev/FileOpener.git" source="git" />
    <plugin spec="https://github.com/VitaliiBlagodir/cordova-plugin-datepicker" source="git" />
    <plugin spec="https://github.com/Paldom/SpinnerDialog.git" source="git" />
    <plugin spec="https://github.com/apache/cordova-plugin-inappbrowser.git" source="git" />
<!--    for android-->
    <gap:plugin name="cordova-plugin-file" source="npm"  spec="4.1.0" />
    <plugin name="cordova-plugin-file-transfer" spec="~1.6.1" />
    
    <plugin name="phonegap-plugin-push" spec="~1.10.0">
        <variable name="SENDER_ID" value="1:756359640025:android:aa7e6ef8c9815f73" />
    </plugin>
<!--    for ios-->
<!--    <gap:plugin name="cordova-plugin-file" source="npm"  spec="5.0.0" />
    <plugin name="cordova-plugin-file-transfer" source="npm"  />
    -->
    <plugin name="uk.co.workingedge.phonegap.plugin.launchnavigator" source="npm" >
        <variable  name="GOOGLE_API_KEY_FOR_ANDROID" value="{AIzaSyAYwD4_K3fGYusp8Oth3MNBJ_Okf73keq8}"/>
    </plugin>
    <gap:plugin name="cordova-plugin-phonedialer" source="npm" version="0.3.1"/>
    <gap:plugin name="cordova-plugin-x-socialsharing" source="npm" spec="5.4.0" />
<!--    <gap:plugin name="cordova-plugin-x-socialsharing" source="npm" />-->
    <gap:plugin name="cordova-plugin-fileopener" source="npm" />
       <gap:plugin name="cordova-plugin-whitelist" source="npm" version="1.3.1"/>
    <gap:plugin name = "cordova-plugin-inappbrowser" source="npm" version="1.6.1" />
    <gap:plugin name= "cordova-plugin-print-pdf" source="npm"/>
     <plugin spec="https://github.com/xmartlabs/cordova-plugin-market" source="git" />
    <plugin spec="https://github.com/whiteoctober/cordova-plugin-app-version.git" source="git" />
     <gap:plugin name="phonegap-plugin-push" source="npm" version="1.3.0"/>
 <plugin spec="https://github.com/cjpearson/cordova-plugin-keyboard" source="git" />
  <plugin spec="https://github.com/andischerer/cordova-plugin-openfilenative.git" source="git" />
    <plugin spec="https://github.com/apache/cordova-plugin-statusbar.git" source="git" />
    <!-- Plugins -->


    <!-- default-->
   
    <icon src="icon.png" />
    <!--android spalsh -->
    <gap:splash src="splash/android/272by482-ldpi.png" gap:platform="android" gap:density="ldpi" />
    <gap:splash src="splash/android/362by642-mdpi.png" gap:platform="android" gap:density="mdpi" />
    <gap:splash src="splash/android/542x962-hdpi.png" gap:platform="android" gap:density="hdpi" />
    <gap:splash src="splash/android/722by1282-xhdpi.png" gap:platform="android" gap:density="xhdpi" />
    <!--    <gap:splash src="splash/android/xxhdpi.png" gap:platform="android" gap:density="port-xxhdpi" />-->
    
    <!--     <gap:splash src="splash/android/482by272-ldpi.png" gap:platform="android" gap:density="ldpi" />
    <gap:splash src="splash/android/642by362-mdpi.png" gap:platform="android" gap:density="mdpi" />
    <gap:splash src="splash/android/962by542-hdpi.png" gap:platform="android" gap:density="hdpi" />
    <gap:splash src="splash/android/1282by722-xhdpi.png" gap:platform="android" gap:density="xhdpi" />-->
    <!--    <gap:splash src="splash/android/xxhdpi.png" gap:platform="android" gap:density="land-xxhdpi" />-->
    <!--android spalsh end -->
    <platform name="ios">
    <!--ios spalsh -->
    <splash src="splash/ios/320by480.png" gap:platform="ios" width="320" height="480" />
    <splash src="splash/ios/480by320.png" gap:platform="ios" width="480" height="320" />
    <splash src="splash/ios/640by960.png" gap:platform="ios" width="640" height="960" />
    <splash src="splash/ios/960by640.png" gap:platform="ios" width="960" height="640" />
    <!-- iPhone 5 / iPod Touch (5th Generation) -->
    <splash src="splash/ios/640by1136.png" gap:platform="ios" width="640" height="1136" />
    <splash src="splash/ios/1136by640.png" gap:platform="ios" width="1136" height="640" />
 
    <splash src="splash/ios/750by1334.png" gap:platform="ios" width="750" height="1334" />
    <splash src="splash/ios/1334by750.png" gap:platform="ios" width="1334" height="750" />
    <!-- iPad -->
    <splash src="splash/ios/768by1024.png" gap:platform="ios" width="768" height="1024" />
    <splash src="splash/ios/1024by768.png" gap:platform="ios" width="1024" height="768" />
    <splash src="splash/ios/1024by1024.png" gap:platform="ios" width="1024" height="1024" />
    <!-- Retina iPad -->
    <splash src="splash/ios/1242by2208.png" gap:platform="ios" width="1242" height="2208" />
    <splash src="splash/ios/2208by1242.png" gap:platform="ios" width="2208" height="1242" />
    
    <splash src="splash/ios/1536by2048.png" gap:platform="ios" width="1536" height="2048" />
    <splash src="splash/ios/2048by1536.png" gap:platform="ios" width="2048" height="1536" />
    <splash src="splash/ios/1242by2688.png" gap:platform="ios" width="1242" height="2688" />
    <splash src="splash/ios/2688by1242.png" gap:platform="ios" width="2688" height="1242" />
    <splash src="splash/ios/1125by2436.png" gap:platform="ios" width="1125" height="2436" />
    <splash src="splash/ios/2436by1125.png" gap:platform="ios" width="2436" height="1125" />
     <splash src="splash/ios/2732by2732.png" gap:platform="ios" width="2732" height="2732" /><splash src="splash/ios/2732by2732.png" gap:platform="ios" width="2732" height="2732" />
      <!--ios spalsh end-->
        <icon src="icons/ios/icon-60@3x.png" gap:platform="ios"  width="180" height="180" />

        <!-- iPhone / iPod Touch  -->
        <icon src="icons/ios/icon-60@3x.png" gap:platform="ios" width="180" height="180" />

        <!-- iPhone / iPod Touch  -->
        <icon src="icons/ios/icon-60.png" gap:platform="ios" width="60" height="60" />
        <icon src="icons/ios/icon-60@2x.png" gap:platform="ios" width="120" height="120" />

        <!-- iPad -->
        <icon src="icons/ios/icon-76.png"  gap:platform="ios" width="76" height="76" />
        <icon src="icons/ios/icon-76@2x.png" gap:platform="ios" width="152" height="152" />

        <!-- Settings Icon -->
        <icon src="icons/ios/icon-small.png" gap:platform="ios" width="29" height="29" />
        <icon src="icons/ios/icon-small@2x.png" gap:platform="ios" width="58" height="58" />

        <!-- Spotlight Icon -->
        <icon src="icons/ios/icon-40.png"  gap:platform="ios" width="40" height="40" />
        <icon src="icons/ios/icon-40@2x.png" gap:platform="ios"  width="80" height="80" />
        <icon src="icons/ios/icon-Small-40@3x.png"  gap:platform="ios" width="120" height="120" />    

        <icon src="icons/ios/icon.png" gap:platform="ios"  width="57" height="57" />
        <icon src="icons/ios/icon@2x.png"  gap:platform="ios" width="114" height="114" />

        <!-- iPad -->
        <icon src="icons/ios/icon-72.png" gap:platform="ios"  width="72" height="72" />
        <icon src="icons/ios/icon-57.png"  gap:platform="ios" width="57" height="57" />
        <icon src="icons/ios/icon-72@2x.png" gap:platform="ios" width="144" height="144" />

        <!-- iPhone Spotlight and Settings Icon -->
        <icon src="icons/ios/icon-small.png" gap:platform="ios" width="29" height="29" />
        <icon src="icons/ios/icon-small@2x.png" gap:platform="ios" width="58" height="58" />

        <!-- iPad Spotlight and Settings Icon -->
        <icon src="icons/ios/50by50.png" gap:platform="ios" width="50" height="50" />
        <icon src="icons/ios/100by100.png" gap:platform="ios" width="100" height="100" />
        <icon src="icons/ios/1024by1024.png" gap:platform="ios"  width="1024" height="1024" />
         
    </platform>
    <icon src="icon.png" gap:platform="winphone" />
    <icon src="icon.png" gap:platform="winphone" gap:role="background" />

    <access origin="*"  />
    <!-- Added the following intents to support the removal of whitelist code from base cordova to a plugin -->
    <!-- Whitelist configuration. Refer to https://cordova.apache.org/docs/en/edge/guide_appdev_whitelist_index.md.html -->
    <plugin name="cordova-plugin-whitelist" version="1" />
    <allow-intent href="http://*/*" />
    <allow-intent href="https://*/*" />
    <allow-intent href="tel:*" />
    <allow-intent href="sms:*" />
    <allow-intent href="mailto:*" />
    <allow-intent href="geo:*" />
    <allow-navigation href="*"/>
    <platform name="android">
        <allow-intent href="market:*" />
    </platform>
    <platform name="ios">
        <allow-intent href="itms:*" />
        <allow-intent href="itms-apps:*" />
    </platform>
    <gap:platform name="winphone" />
    <preference name="android-build-tool" value="gradle" /> 
    <preference name="phonegap-version" value="cli-6.5.0" />
</widget>