<?xml version="1.0" encoding="utf-8" standalone="no"?>
<!--https://github.com/phonegap/phonegap-start/blob/master/www/config.xml-->
<widget xmlns="http://www.w3.org/ns/widgets" 
        xmlns:cdv="http://cordova.apache.org/ns/1.0" 
        xmlns:gap   = "http://phonegap.com/ns/1.0"
        id="com.shivam.mehtahospital" 
        versionCode = "11007" 
        version="1.07">
    <name>Mehta Hospitals</name>
    <description>
        A Complete Electronic Medical Records of Mehta Hospitals.
    </description>
    <author email="mehta.shivamapp@gmail.com" href="http://www.mehtahospital.com/">
        Shivam Medisoft Services Pvt. Ltd.
    </author>
    <content src="app.html"/>
    <preference name="permissions" value="none" />
    <preference name="orientation" value="default" />
    <preference name="target-device" value="universal" />
    <preference name="webviewbounce" value="true" />
    <preference name="prerendered-icon" value="true" />
    <preference name="stay-in-webview" value="false" />
    <preference name="ios-statusbarstyle" value="black-opaque" />
    <preference name="detect-data-types" value="true" />
    <preference name="exit-on-suspend" value="false" />
    <preference name="show-splash-screen-spinner" value="true" />
    <preference name="auto-hide-splash-screen" value="true" />
    <preference name="StatusBarOverlaysWebView" value="false" /> 
    <preference name="disable-cursor" value="false" />
    <preference name="android-minSdkVersion" value="15" />
    <preference name="android-targetSdkVersion" value="26"/> 
    <preference name="android-installLocation" value="auto" />
    <preference name="LoadingDialog" value="Please wait, the app is loading"/>
    <preference name="AllowInlineMediaPlayback" value="true"/>
    <preference name="SplashScreenDelay" value="1000"/>
    <preference name="KeepRunning" value="true"/>
     <preference name="SplashMaintainAspectRatio" value="true" />
    <!-- Plugins -->
    <!-- Core plugins -->
    <!--    <plugin spec="https://github.com/apache/cordova-plugin-camera.git" source="git" />-->
     <gap:plugin name="cordova-plugin-camera" source="npm" spec="2.3.1" >
        <variable name="CAMERA_USAGE_DESCRIPTION" value="App would like to access the camera." />
        <variable name="MICROPHONE_USAGE_DESCRIPTION" value="App would like to access the microphone." />
        <variable name="PHOTOLIBRARY_USAGE_DESCRIPTION" value="App would like to access the library." />
    </gap:plugin>
    <gap:plugin name="cordova-plugin-datepicker" source="npm" />
    <gap:plugin name="cordova-plugin-dialogs" source="npm"/>
    <!--    <plugin spec="https://github.com/apache/cordova-plugin-media-capture.git" source="git" />  -->
    <plugin name="cordova-plugin-media-capture" source="npm" spec="1.0.0">
        <variable name="CAMERA_USAGE_DESCRIPTION" value="App would like to access the camera." />
        <variable name="MICROPHONE_USAGE_DESCRIPTION" value="App would like to access the microphone." />
        <variable name="PHOTOLIBRARY_USAGE_DESCRIPTION" value="App would like to access the library." />
    </plugin>   
    
     <config-file platform="ios" parent="NSPhotoLibraryUsageDescription" mode="replace">
<string>This app will allow users to select photos from their photo library.</string>
</config-file>

<config-file platform="ios" parent="NSCameraUsageDescription" mode="replace">
<string>This app will allow users to take pictures with the phone camera.</string>
</config-file>

<platform name="ios">
		<edit-config target="NSPhotoLibraryUsageDescription" file="*-Info.plist" mode="merge">
			<string>This app will allow users to select photos from their photo library.</string>
		</edit-config>	
		<edit-config target="NSCameraUsageDescription" file="*-Info.plist" mode="merge">
			<string>This app will allow users to take pictures with the phone camera.</string>
		</edit-config>	
	</platform>
    <plugin spec="https://github.com/apache/cordova-plugin-device.git" source="git" />
    <plugin spec="https://github.com/apache/cordova-plugin-device-motion.git" source="git" />
    <plugin spec="https://github.com/apache/cordova-plugin-device-orientation.git" source="git" />
    <plugin spec="https://github.com/apache/cordova-plugin-dialogs.git" source="git" />
<!--        <plugin spec="https://github.com/apache/cordova-plugin-file.git" source="git" />
    <plugin spec="https://github.com/apache/cordova-plugin-file-transfer.git" source="git" />-->
    <plugin spec="https://github.com/apache/cordova-plugin-splashscreen.git" source="git" />
    <plugin spec="https://github.com/apache/cordova-plugin-network-information.git" source="git" />
    <plugin spec="https://github.com/salbahra/NetworkInterfacePlugin.git" source="git" />
<!--    <plugin spec="https://github.com/katzer/cordova-plugin-printer.git" source="git" />-->
    <plugin spec="https://github.com/rafelbev/FileOpener.git" source="git" />
    <plugin spec="https://github.com/VitaliiBlagodir/cordova-plugin-datepicker" source="git" />
    <plugin spec="https://github.com/Paldom/SpinnerDialog.git" source="git" />
    <plugin spec="https://github.com/apache/cordova-plugin-inappbrowser.git" source="git" />
<!--    <gap:plugin name="cordova-plugin-file" source="npm" />
    <gap:plugin name="cordova-plugin-file-transfer" source="npm" />-->
<!--    for android-->
    <gap:plugin name="cordova-plugin-file" source="npm"  spec="4.1.0" />
    <plugin name="cordova-plugin-file-transfer" spec="~1.6.1" />
<!--    for ios-->
<!--    <gap:plugin name="cordova-plugin-file" source="npm"  spec="5.0.0" />
    <plugin name="cordova-plugin-file-transfer" source="npm"  />
    -->
     <plugin name="uk.co.workingedge.phonegap.plugin.launchnavigator" source="npm" />
    <gap:plugin name="cordova-plugin-phonedialer" source="npm" version="0.3.1"/>
    <gap:plugin name="cordova-plugin-x-socialsharing" source="npm" spec="5.4.0" />
<!--    <gap:plugin name="cordova-plugin-x-socialsharing" source="npm" />-->
    <gap:plugin name="cordova-plugin-fileopener" source="npm" />
       <gap:plugin name="cordova-plugin-whitelist" source="npm" version="1.3.1"/>
    <gap:plugin name = "cordova-plugin-inappbrowser" source="npm" version="1.6.1" />
    <gap:plugin name= "cordova-plugin-print-pdf" source="npm"/>
     <plugin spec="https://github.com/xmartlabs/cordova-plugin-market" source="git" />
    <plugin spec="https://github.com/whiteoctober/cordova-plugin-app-version.git" source="git" />
    <!-- <plugin spec="https://github.com/phonegap/phonegap-plugin-push" source="git" />-->
<!--        <gap:plugin name="phonegap-plugin-push"  source="npm">
        <param name="SENDER_ID" value="756359640025" />
    </gap:plugin>-->
     <gap:plugin name="phonegap-plugin-push" source="npm" version="1.3.0"/>
<!--    <plugin spec="https://github.com/VitaliiBlagodir/cordova-plugin-datepicker" source="git" />-->
 <plugin spec="https://github.com/cjpearson/cordova-plugin-keyboard" source="git" />
  
    
    <!--    <gap:plugin name="org.apache.cordova.battery-status" />-->
    <!--   <gap:plugin name="org.apache.cordova.camera" />
    <gap:plugin name="org.apache.cordova.media-capture" />-->
    <!--    <gap:plugin name="org.apache.cordova.console" />
    <gap:plugin name="org.apache.cordova.contacts" />-->
    <!--    <gap:plugin name="org.apache.cordova.device" />
    <gap:plugin name="org.apache.cordova.device-motion" />
    <gap:plugin name="org.apache.cordova.device-orientation" />-->
    <!--    <gap:plugin name="org.apache.cordova.dialogs" />-->
    <!--    <gap:plugin name="org.apache.cordova.file" />
    <gap:plugin name="org.apache.cordova.file-transfer" />-->
<!--    <gap:plugin name="cordova-plugin-whitelist" source="npm"/>
    <gap:plugin name = "cordova-plugin-inappbrowser" source="npm" />-->
    
    
    <!--    <gap:plugin name="org.apache.cordova.geolocation" />
    <gap:plugin name="org.apache.cordova.globalization" />
    <gap:plugin name="org.apache.cordova.inappbrowser" />
    <gap:plugin name="org.apache.cordova.media" />
    <gap:plugin name="org.apache.cordova.network-information" />-->
    <!--<gap:plugin name="org.apache.cordova.splashscreen" />-->
    <!--    <gap:plugin name="org.apache.cordova.vibration" />
    <gap:plugin name="org.apache.cordova.inappbrowser" />-->
    <!--    <gap:plugin name="de.appplant.cordova.plugin.printer" />-->
    <!--<gap:plugin name="com.cordova.plugins.fileopener" spec="1.0.1" source="pgb" />-->
    <!--<gap:plugin name="com.albahra.plugin.networkinterface" />-->
    <!--<gap:plugin name="com.phonegap.plugins.pushplugin" spec="2.5.0" source="pgb" />-->
    <!--    <plugin name="com.plugin.datepicker" spec="0.4.0" source="pgb" />
    <gap:plugin name="com.phonegap.plugins.pushplugin" spec="2.5.0" source="pgb" />
    <gap:plugin name="hu.dpal.phonegap.plugins.spinnerdialog" spec="1.2.0" source="pgb" />-->
    <plugin spec="https://github.com/andischerer/cordova-plugin-openfilenative.git" source="git" />
    <plugin spec="https://github.com/apache/cordova-plugin-statusbar.git" source="git" />
<!--    <plugin spec="https://github.com/etabard/Cordova-OverAppBrowser.git" source="git"/>-->
<!--    <plugin spec="https://github.com/sidchilling/Phonegap-SMS-reception-plugin" source="git" />-->
    <!-- Third party plugins -->
    <!-- A list of available plugins are available at https://build.phonegap.com/plugins -->
    <!--
        <gap:plugin name="com.phonegap.plugins.barcodescanner" />
    -->
    <!-- Customize your app and platform with the preference element. -->
    <!-- android: app install location. 'auto' will choose. 'internalOnly' is device memory. 'preferExternal' is SDCard. -->
    <!--
        Define a specific version of PhoneGap to build into your app.
        <preference name="phonegap-version"       value="3.5.0" />
    -->

    <!-- Plugins -->


    <!-- default-->
   
    <icon src="mehtaicons/android/icon.png" />
    <!--android spalsh -->
    <gap:splash src="mehta-splash/android/272by482.png" gap:platform="android" gap:density="ldpi" />
    <gap:splash src="mehta-splash/android/362by642.png" gap:platform="android" gap:density="mdpi" />
    <gap:splash src="mehta-splash/android/542by962.png" gap:platform="android" gap:density="hdpi" />
    <gap:splash src="mehta-splash/android/722by1282.png" gap:platform="android" gap:density="xhdpi" />
     
    
    <!--     <gap:splash src="splash/android/482by272-ldpi.png" gap:platform="android" gap:density="ldpi" />
    <gap:splash src="splash/android/642by362-mdpi.png" gap:platform="android" gap:density="mdpi" />
    <gap:splash src="splash/android/962by542-hdpi.png" gap:platform="android" gap:density="hdpi" />
    <gap:splash src="splash/android/1282by722-xhdpi.png" gap:platform="android" gap:density="xhdpi" />-->
    <!--    <gap:splash src="splash/android/xxhdpi.png" gap:platform="android" gap:density="land-xxhdpi" />-->
    <!--android spalsh end -->
    <!--ios spalsh -->
    <gap:splash src="mehta-splash/ios/320by480.png" gap:platform="ios" width="320" height="480" />
    <gap:splash src="mehta-splash/ios/480by320.png" gap:platform="ios" width="480" height="320" />
    <gap:splash src="mehta-splash/ios/640by960.png" gap:platform="ios" width="640" height="960" />
    <gap:splash src="mehta-splash/ios/960by640.png" gap:platform="ios" width="960" height="640" />
    <!--     iPhone 5 / iPod Touch (5th Generation) -->
    <gap:splash src="mehta-splash/ios/640by1136.png" gap:platform="ios" width="640" height="1136" />
    <gap:splash src="mehta-splash/ios/1136by640.png" gap:platform="ios" width="1136" height="640" />
 
    <gap:splash src="mehta-splash/ios/750by1334.png" gap:platform="ios" width="750" height="1334" />
    <gap:splash src="mehta-splash/ios/1334by750.png" gap:platform="ios" width="1334" height="750" />
    <!--     iPad -->
    <gap:splash src="mehta-splash/ios/768by1024.png" gap:platform="ios" width="768" height="1024" />
    <gap:splash src="mehta-splash/ios/1024by768.png" gap:platform="ios" width="1024" height="768" />
    <gap:splash src="mehta-splash/ios/1024by1024.png" gap:platform="ios" width="1024" height="1024" />
    <!--     Retina iPad -->
    <gap:splash src="mehta-splash/ios/1242by2208.png" gap:platform="ios" width="1242" height="2208" />
    <gap:splash src="mehta-splash/ios/2208by1242.png" gap:platform="ios" width="2208" height="1242" />
    
    <gap:splash src="mehta-splash/ios/1536by2048.png" gap:platform="ios" width="1536" height="2048" />
    <gap:splash src="mehta-splash/ios/2048by1536.png" gap:platform="ios" width="2048" height="1536" />
    
    <!--    iPhone X -->
     <gap:splash src="mehta-splash/ios/1125by2436.png" gap:platform="ios" width="1125" height="2436" />
    <gap:splash src="mehta-splash/ios/2436by1125.png" gap:platform="ios" width="2436" height="1125" />
    
     <gap:splash src="mehta-splash/ios/1242by2688.png" gap:platform="ios" width="1242" height="2688" />
    <gap:splash src="mehta-splash/ios/2688by1242.png" gap:platform="ios" width="2688" height="1242" />
    <!--ios spalsh end-->
    <platform name="ios">

        
    
        <icon src="mehtaicons/ios/Icon-App-60x60@3x.png" gap:platform="ios"  width="180" height="180" />

<!--         iPhone / iPod Touch  -->
        <icon src="mehtaicons/ios/Icon-App-60x60@3x.png" gap:platform="ios" width="180" height="180" />

<!--         iPhone / iPod Touch  -->
        <icon src="mehtaicons/ios/Icon-App-20x20@3x.png" gap:platform="ios" width="60" height="60" />
        <icon src="mehtaicons/ios/Icon-App-60x60@2x.png" gap:platform="ios" width="120" height="120" />

<!--         iPad -->
        <icon src="mehtaicons/ios/Icon-App-76x76@1x.png"  gap:platform="ios" width="76" height="76" />
        <icon src="mehtaicons/ios/Icon-App-76x76@2x.png" gap:platform="ios" width="152" height="152" />

<!--         Settings Icon -->
        <icon src="mehtaicons/ios/Icon-App-29x29@1x.png" gap:platform="ios" width="29" height="29" />
        <icon src="mehtaicons/ios/Icon-App-29x29@2x.png" gap:platform="ios" width="58" height="58" />

<!--         Spotlight Icon -->
        <icon src="mehtaicons/ios/Icon-App-40x40@1x.png"  gap:platform="ios" width="40" height="40" />
        <icon src="mehtaicons/ios/Icon-App-40x40@2x.png" gap:platform="ios"  width="80" height="80" />
        <icon src="mehtaicons/ios/Icon-App-40x40@3x.png"  gap:platform="ios" width="120" height="120" />    

        <icon src="mehtaicons/ios/57by57.png" gap:platform="ios"  width="57" height="57" />
        <icon src="mehtaicons/ios/114by114.png"  gap:platform="ios" width="114" height="114" />

<!--         iPad -->
        <icon src="mehtaicons/ios/72by72.png" gap:platform="ios"  width="72" height="72" />
        <icon src="mehtaicons/ios/57by57.png"  gap:platform="ios" width="57" height="57" />
        <icon src="mehtaicons/ios/114by114.png" gap:platform="ios" width="114" height="114" />

<!--         iPhone Spotlight and Settings Icon -->
        <icon src="mehtaicons/ios/Icon-App-29x29@1x.png" gap:platform="ios" width="29" height="29" />
        <icon src="mehtaicons/ios/Icon-App-29x29@2x.png" gap:platform="ios" width="58" height="58" />

<!--         iPad Spotlight and Settings Icon -->
                <icon src="mehtaicons/ios/50by50.png" gap:platform="ios" width="50" height="50" />
        
         <icon src="mehtaicons/ios/iTunesArtwork@2x.png" gap:platform="ios"  width="1024" height="1024" />
    
        <icon src="mehtaicons/ios/Icon-App-76x76@1x.png" gap:platform="ios" width="76" height="76"/>
        <icon src="mehtaicons/ios/Icon-App-40x40@3x.png" gap:platform="ios" width="120" height="120"/>
        <icon src="mehtaicons/ios/Icon-App-76x76@2x" gap:platform="ios" width="152" height="152"/> 
         <icon src="mehtaicons/ios/144by144.png" gap:platform="ios" width="144" height="144"/> 
     <icon src="mehtaicons/ios/100by100.png" gap:platform="ios" width="100" height="100"/> 
     <icon src="mehtaicons/ios/50by50.png" gap:platform="ios" width="50" height="50"/>    
    </platform>
    <icon src="icon.png" gap:platform="winphone" />
    <icon src="icon.png" gap:platform="winphone" gap:role="background" />

    <access origin="*"  />
    <!-- Added the following intents to support the removal of whitelist code from base cordova to a plugin -->
    <!-- Whitelist configuration. Refer to https://cordova.apache.org/docs/en/edge/guide_appdev_whitelist_index.md.html -->
    <plugin name="cordova-plugin-whitelist" version="1" />
    <allow-intent href="http://*/*" />
    <allow-intent href="https://*/*" />
    <allow-intent href="tel:*" />
    <allow-intent href="sms:*" />
    <allow-intent href="mailto:*" />
    <allow-intent href="geo:*" />
    <allow-navigation href="*"/>
    <platform name="android">
        <allow-intent href="market:*" />
    </platform>
    <platform name="ios">
        <allow-intent href="itms:*" />
        <allow-intent href="itms-apps:*" />
    </platform>
    <gap:platform name="winphone" />
    <preference name="android-build-tool" value="gradle" /> 
    <preference name="phonegap-version" value="cli-6.5.0" />
</widget>
