<?xml version="1.0"?>
<rows>
    <page>1</page>
    <total>15</total>
    <records>292</records>
    <row id='R0287415_T0000266'>
        <cell><![CDATA[<input type='checkbox' id='R0287415' title='0' class='T0000266' onclick='save(this,1258803)' checked>]]></cell>
        <cell> Approved</cell>
        <cell> 1258803</cell>
        <cell> MAHAWISH SAMREEN</cell>
        <cell> Urine Proteins ( Quant - 24 Hrs )</cell>
        <cell><![CDATA[<a onclick='fillpdf(this)' id='../DgReporting?tresultid=R0209262&scheme_testid=TS000006&chkrephead=0&reqid=R0287415&testid=T0000266&ptype=0&rep=0&calledfrom=1' class='R0209262' title='TS000006'></a>]]></cell>
        <cell> 24HRS</cell>
        <cell> 1</cell>
        <cell> 0</cell>
        <cell> -</cell>
        <cell> 0</cell>
        <cell></cell>
        <cell>dg</cell>
        <cell>wf2075</cell>
    </row>
    <row id='P287416_T0000953'>
        <cell><![CDATA[<input type='checkbox' id='P287416' title='0' class='T0000953' onclick='save(this,1258804)' checked>]]></cell>
        <cell> Approved</cell>
        <cell> 1258804</cell>
        <cell> FARHA JUVERIA</cell>
        <cell> Blood ABO Group &#x26; RH Type(Neonates)</cell>
        <cell><![CDATA[<a onclick='fillpdf(this)' id='../DgReporting?tresultid=R0209226&scheme_testid=null&chkrephead=0&reqid=P287416&testid=T0000953&ptype=0&rep=0&calledfrom=1' class='R0209226' title='null'></a>]]></cell>
        <cell> NBLG</cell>
        <cell> 1</cell>
        <cell> 0</cell>
        <cell>  </cell>
        <cell> 0</cell>
        <cell></cell>
        <cell>dg</cell>
        <cell>wf2075</cell>
    </row>
    <row id='P287416_T0001598'>
        <cell><![CDATA[<input type='checkbox' id='P287416' title='0'  disabled='true'>]]></cell>
        <cell> Pending </cell>
        <cell> 1258804</cell>
        <cell> FARHA JUVERIA</cell>
        <cell> CORD TSH(NEW BORN SCREENING) (ACQUITY)</cell>
        <cell> </cell>
        <cell> ACQUITY</cell>
        <cell> 1</cell>
        <cell> 0</cell>
        <cell>  </cell>
        <cell> 0</cell>
        <cell></cell>
        <cell>dg</cell>
        <cell>wf2075</cell>
    </row>
    <row id='P287417_T0000217'>
        <cell><![CDATA[<input type='checkbox' id='P287417' title='0' class='T0000217' onclick='save(this,1258805)' checked>]]></cell>
        <cell> Approved</cell>
        <cell> 1258805</cell>
        <cell> SWETHA ADAPA</cell>
        <cell> Partial Thromboplastin Time (APTT)</cell>
        <cell><![CDATA[<a onclick='fillpdf(this)' id='../DgReporting?tresultid=R0209327&scheme_testid=TS000006&chkrephead=0&reqid=P287417&testid=T0000217&ptype=0&rep=0&calledfrom=1' class='R0209327' title='TS000006'></a>]]></cell>
        <cell> APTT</cell>
        <cell> 1</cell>
        <cell> 0</cell>
        <cell>  </cell>
        <cell> 0</cell>
        <cell></cell>
        <cell>dg</cell>
        <cell>wf2075</cell>
    </row>
    <row id='P287417_T0000248'>
        <cell><![CDATA[<input type='checkbox' id='P287417' title='0' class='T0000248' onclick='save(this,1258805)' checked>]]></cell>
        <cell> Approved</cell>
        <cell> 1258805</cell>
        <cell> SWETHA ADAPA</cell>
        <cell> Creatinine</cell>
        <cell><![CDATA[<a onclick='fillpdf(this)' id='../DgReporting?tresultid=&scheme_testid=TS000006&chkrephead=0&reqid=P287417&testid=T0000248&ptype=0&rep=0&calledfrom=1' class='' title='TS000006'></a>]]></cell>
        <cell> CRT</cell>
        <cell> 1</cell>
        <cell> 0</cell>
        <cell>  </cell>
        <cell> 0</cell>
        <cell></cell>
        <cell>dg</cell>
        <cell>wf2075</cell>
    </row>
    <row id='P287417_T0000272'>
        <cell><![CDATA[<input type='checkbox' id='P287417' title='0' class='T0000272' onclick='save(this,1258805)' checked>]]></cell>
        <cell> Approved</cell>
        <cell> 1258805</cell>
        <cell> SWETHA ADAPA</cell>
        <cell> Liver Function Test (LFT)</cell>
        <cell><![CDATA[<a onclick='fillpdf(this)' id='../DgReporting?tresultid=&scheme_testid=TS000006&chkrephead=0&reqid=P287417&testid=T0000272&ptype=0&rep=0&calledfrom=1' class='' title='TS000006'></a>]]></cell>
        <cell> LFT</cell>
        <cell> 1</cell>
        <cell> 0</cell>
        <cell>  </cell>
        <cell> 0</cell>
        <cell></cell>
        <cell>dg</cell>
        <cell>wf2075</cell>
    </row>
    <row id='P287417_T0000180'>
        <cell><![CDATA[<input type='checkbox' id='P287417' title='0' class='T0000180' onclick='save(this,1258805)' checked>]]></cell>
        <cell> Approved</cell>
        <cell> 1258805</cell>
        <cell> SWETHA ADAPA</cell>
        <cell> HEMOGRAM</cell>
        <cell><![CDATA[<a onclick='fillpdf(this)' id='../DgReporting?tresultid=R0209154&scheme_testid=null&chkrephead=0&reqid=P287417&testid=T0000180&ptype=0&rep=0&calledfrom=1' class='R0209154' title='null'></a>]]></cell>
        <cell> HMG</cell>
        <cell> 1</cell>
        <cell> 0</cell>
        <cell>  </cell>
        <cell> 0</cell>
        <cell></cell>
        <cell>dg</cell>
        <cell>wf2075</cell>
    </row>
    <row id='P287417_T0000218'>
        <cell><![CDATA[<input type='checkbox' id='P287417' title='0' class='T0000218' onclick='save(this,1258805)' checked>]]></cell>
        <cell> Approved</cell>
        <cell> 1258805</cell>
        <cell> SWETHA ADAPA</cell>
        <cell> Prothrombin Time ( PT )</cell>
        <cell><![CDATA[<a onclick='fillpdf(this)' id='../DgReporting?tresultid=R0209153&scheme_testid=TS000006&chkrephead=0&reqid=P287417&testid=T0000218&ptype=0&rep=0&calledfrom=1' class='R0209153' title='TS000006'></a>]]></cell>
        <cell> PT</cell>
        <cell> 1</cell>
        <cell> 0</cell>
        <cell>  </cell>
        <cell> 0</cell>
        <cell></cell>
        <cell>dg</cell>
        <cell>wf2075</cell>
    </row>
    <row id='P287418_T0001598'>
        <cell><![CDATA[<input type='checkbox' id='P287418' title='0'  disabled='true'>]]></cell>
        <cell> Pending </cell>
        <cell> 1258806</cell>
        <cell> JYOTHI JUNJURI</cell>
        <cell> CORD TSH(NEW BORN SCREENING) (ACQUITY)</cell>
        <cell> </cell>
        <cell> ACQUITY</cell>
        <cell> 1</cell>
        <cell> 0</cell>
        <cell>  </cell>
        <cell> 0</cell>
        <cell></cell>
        <cell>dg</cell>
        <cell>wf2075</cell>
    </row>
    <row id='P287419_T0001598'>
        <cell><![CDATA[<input type='checkbox' id='P287419' title='0'  disabled='true'>]]></cell>
        <cell> Pending </cell>
        <cell> 1258807</cell>
        <cell> ALEKHYA LINGAMGUNTA</cell>
        <cell> CORD TSH(NEW BORN SCREENING) (ACQUITY)</cell>
        <cell> </cell>
        <cell> ACQUITY</cell>
        <cell> 1</cell>
        <cell> 0</cell>
        <cell>  </cell>
        <cell> 0</cell>
        <cell></cell>
        <cell>dg</cell>
        <cell>wf2075</cell>
    </row>
    <row id='P287420_T0001598'>
        <cell><![CDATA[<input type='checkbox' id='P287420' title='0'  disabled='true'>]]></cell>
        <cell> Pending </cell>
        <cell> 1258808</cell>
        <cell> SAPANA BHATTAD</cell>
        <cell> CORD TSH(NEW BORN SCREENING) (ACQUITY)</cell>
        <cell> </cell>
        <cell> ACQUITY</cell>
        <cell> 1</cell>
        <cell> 0</cell>
        <cell>  </cell>
        <cell> 0</cell>
        <cell></cell>
        <cell>dg</cell>
        <cell>wf2075</cell>
    </row>
    <row id='P287421_T0001598'>
        <cell><![CDATA[<input type='checkbox' id='P287421' title='0'  disabled='true'>]]></cell>
        <cell> Pending </cell>
        <cell> 1258809</cell>
        <cell> RAJYA LAKSHMI POTHURU</cell>
        <cell> CORD TSH(NEW BORN SCREENING) (ACQUITY)</cell>
        <cell> </cell>
        <cell> ACQUITY</cell>
        <cell> 1</cell>
        <cell> 0</cell>
        <cell>  </cell>
        <cell> 0</cell>
        <cell></cell>
        <cell>dg</cell>
        <cell>wf2075</cell>
    </row>
    <row id='P287422_T0000953'>
        <cell><![CDATA[<input type='checkbox' id='P287422' title='0' class='T0000953' onclick='save(this,1258810)' checked>]]></cell>
        <cell> Approved</cell>
        <cell> 1258810</cell>
        <cell> ARCHANA MAPATI</cell>
        <cell> Blood ABO Group &#x26; RH Type(Neonates)</cell>
        <cell><![CDATA[<a onclick='fillpdf(this)' id='../DgReporting?tresultid=R0209229&scheme_testid=null&chkrephead=0&reqid=P287422&testid=T0000953&ptype=0&rep=0&calledfrom=1' class='R0209229' title='null'></a>]]></cell>
        <cell> NBLG</cell>
        <cell> 1</cell>
        <cell> 0</cell>
        <cell>  </cell>
        <cell> 0</cell>
        <cell></cell>
        <cell>dg</cell>
        <cell>wf2075</cell>
    </row>
    <row id='P287423_T0001598'>
        <cell><![CDATA[<input type='checkbox' id='P287423' title='0'  disabled='true'>]]></cell>
        <cell> Pending </cell>
        <cell> 1258811</cell>
        <cell> ARCHANA MAPATI</cell>
        <cell> CORD TSH(NEW BORN SCREENING) (ACQUITY)</cell>
        <cell> </cell>
        <cell> ACQUITY</cell>
        <cell> 1</cell>
        <cell> 0</cell>
        <cell>  </cell>
        <cell> 0</cell>
        <cell></cell>
        <cell>dg</cell>
        <cell>wf2075</cell>
    </row>
    <row id='P287428_T0001598'>
        <cell><![CDATA[<input type='checkbox' id='P287428' title='0'  disabled='true'>]]></cell>
        <cell> Pending </cell>
        <cell> 1258816</cell>
        <cell> SWETHA MALYALA</cell>
        <cell> CORD TSH(NEW BORN SCREENING) (ACQUITY)</cell>
        <cell> </cell>
        <cell> ACQUITY</cell>
        <cell> 1</cell>
        <cell> 0</cell>
        <cell>  </cell>
        <cell> 0</cell>
        <cell></cell>
        <cell>dg</cell>
        <cell>wf2075</cell>
    </row>
    <row id='P287430_T0000691'>
        <cell><![CDATA[<input type='checkbox' id='P287430' title='0' class='T0000691' onclick='save(this,1258818)' checked>]]></cell>
        <cell> Approved</cell>
        <cell> 1258818</cell>
        <cell> SANA FARHEEN</cell>
        <cell> TSB (Capillary Tube)</cell>
        <cell><![CDATA[<a onclick='fillpdf(this)' id='../DgReporting?tresultid=R0209164&scheme_testid=null&chkrephead=0&reqid=P287430&testid=T0000691&ptype=0&rep=0&calledfrom=1' class='R0209164' title='null'></a>]]></cell>
        <cell> TSB</cell>
        <cell> 1</cell>
        <cell> 0</cell>
        <cell>  </cell>
        <cell> 0</cell>
        <cell></cell>
        <cell>dg</cell>
        <cell>wf2075</cell>
    </row>
    <row id='P287431_T0000691'>
        <cell><![CDATA[<input type='checkbox' id='P287431' title='0' class='T0000691' onclick='save(this,1258819)' checked>]]></cell>
        <cell> Approved</cell>
        <cell> 1258819</cell>
        <cell> SWATHI P V</cell>
        <cell> TSB (Capillary Tube)</cell>
        <cell><![CDATA[<a onclick='fillpdf(this)' id='../DgReporting?tresultid=R0209166&scheme_testid=null&chkrephead=0&reqid=P287431&testid=T0000691&ptype=0&rep=0&calledfrom=1' class='R0209166' title='null'></a>]]></cell>
        <cell> TSB</cell>
        <cell> 1</cell>
        <cell> 0</cell>
        <cell>  </cell>
        <cell> 0</cell>
        <cell></cell>
        <cell>dg</cell>
        <cell>wf2075</cell>
    </row>
    <row id='P287432_T0000691'>
        <cell><![CDATA[<input type='checkbox' id='P287432' title='0' class='T0000691' onclick='save(this,1258820)' checked>]]></cell>
        <cell> Approved</cell>
        <cell> 1258820</cell>
        <cell> RANI REDDY KAJIPURAM</cell>
        <cell> TSB (Capillary Tube)</cell>
        <cell><![CDATA[<a onclick='fillpdf(this)' id='../DgReporting?tresultid=R0209165&scheme_testid=null&chkrephead=0&reqid=P287432&testid=T0000691&ptype=0&rep=0&calledfrom=1' class='R0209165' title='null'></a>]]></cell>
        <cell> TSB</cell>
        <cell> 1</cell>
        <cell> 0</cell>
        <cell>  </cell>
        <cell> 0</cell>
        <cell></cell>
        <cell>dg</cell>
        <cell>wf2075</cell>
    </row>
    <row id='P287433_T0000180'>
        <cell><![CDATA[<input type='checkbox' id='P287433' title='0' class='T0000180' onclick='save(this,1258821)' checked>]]></cell>
        <cell> Approved</cell>
        <cell> 1258821</cell>
        <cell> SALMA NAUSHEEN</cell>
        <cell> HEMOGRAM</cell>
        <cell><![CDATA[<a onclick='fillpdf(this)' id='../DgReporting?tresultid=R0209174&scheme_testid=null&chkrephead=0&reqid=P287433&testid=T0000180&ptype=0&rep=0&calledfrom=1' class='R0209174' title='null'></a>]]></cell>
        <cell> HMG</cell>
        <cell> 1</cell>
        <cell> 0</cell>
        <cell>  </cell>
        <cell> 0</cell>
        <cell></cell>
        <cell>dg</cell>
        <cell>wf2075</cell>
    </row>
    <row id='P287433_T0000168'>
        <cell><![CDATA[<input type='checkbox' id='P287433' title='0' class='T0000168' onclick='save(this,1258821)' checked>]]></cell>
        <cell> Approved</cell>
        <cell> 1258821</cell>
        <cell> SALMA NAUSHEEN</cell>
        <cell> Peripheral Smear</cell>
        <cell><![CDATA[<a onclick='fillpdf(this)' id='../DgReporting?tresultid=R0209242&scheme_testid=null&chkrephead=0&reqid=P287433&testid=T0000168&ptype=0&rep=0&calledfrom=1' class='R0209242' title='null'></a>]]></cell>
        <cell> PERI</cell>
        <cell> 1</cell>
        <cell> 0</cell>
        <cell>  </cell>
        <cell> 0</cell>
        <cell></cell>
        <cell>dg</cell>
        <cell>wf2075</cell>
    </row>
</rows>